<?xml version="1.0" encoding="UTF-8"?>
<!DOCTYPE hibernate-configuration PUBLIC
        "-//Hibernate/Hibernate Configuration DTD 3.0//EN"
        "http://www.hibernate.org/dtd/hibernate-configuration-3.0.dtd">
<hibernate-configuration>
    <session-factory>
        <!-- JDBC Database connection settings -->
        <property name="connection.driver_class">com.mysql.cj.jdbc.Driver</property>
        <property name="connection.url">jdbc:mysql://localhost:3306/onlineshopping_db?useSSL=false&amp;serverTimezone=UTC</property>
        <property name="connection.username">root</property>
        <property name="connection.password"></property>

        <!-- JDBC connection pool settings ... using built-in test pool -->
        <property name="connection.pool_size">1</property>

        <!-- Select our SQL dialect -->
        <property name="dialect">org.hibernate.dialect.MySQLDialect</property>

        <!-- Echo the SQL to stdout -->
        <property name="show_sql">true</property>
        <property name="format_sql">true</property>

        <!-- Drop and re-create the database schema on startup -->
        <property name="hbm2ddl.auto">create</property>

        <!-- Mapping classes -->
        <mapping class="ma.emsi.productshopping.model.User"/>
        <mapping class="ma.emsi.productshopping.model.Category"/>
        <mapping class="ma.emsi.productshopping.model.Product"/>
        <mapping class="ma.emsi.productshopping.model.Order"/>
        <mapping class="ma.emsi.productshopping.model.Payment"/>

    </session-factory>
</hibernate-configuration>
